{"indexes":[{"v":{"$numberInt":"2"},"key":{"_id":{"$numberInt":"1"}},"name":"_id_"},{"v":{"$numberInt":"2"},"key":{"tags":{"$numberInt":"1"}},"name":"tags_1","background":true},{"v":{"$numberInt":"2"},"key":{"_fts":"text","_ftsx":{"$numberInt":"1"}},"name":"fuzzy_text","background":true,"weights":{"search_meta_fuzzy":{"$numberInt":"1"}},"default_language":"english","language_override":"language","textIndexVersion":{"$numberInt":"3"}},{"v":{"$numberInt":"2"},"key":{"app":{"$numberInt":"1"},"slug":{"$numberInt":"1"}},"name":"app_1_slug_1","background":true,"unique":true},{"v":{"$numberInt":"2"},"key":{"is_deleted":{"$numberInt":"1"},"created_at":{"$numberInt":"-1"}},"name":"created_at_-1_is_deleted_1","background":true},{"v":{"$numberInt":"2"},"key":{"_id":{"$numberInt":"1"},"updated_at":{"$numberInt":"-1"}},"name":"_id_1_updated_at_-1","background":true},{"v":{"$numberInt":"2"},"key":{"slug":{"$numberInt":"1"},"updated_at":{"$numberInt":"-1"}},"name":"slug_1_updated_at_-1","background":true},{"v":{"$numberInt":"2"},"key":{"is_deleted":{"$numberInt":"1"},"updated_at":{"$numberInt":"-1"}},"name":"is_deleted_1_updated_at_-1","background":true}],"uuid":"d1cec2411c164437847b5f2345265852","collectionName":"articletypes","type":"collection"}