{"indexes":[{"v":{"$numberInt":"2"},"key":{"_id":{"$numberInt":"1"}},"name":"_id_"},{"v":{"$numberInt":"2"},"key":{"tags":{"$numberInt":"1"}},"name":"tags_1","background":true},{"v":{"$numberInt":"2"},"key":{"meta_fields":{"$numberInt":"1"}},"name":"meta_fields_1","background":true},{"v":{"$numberInt":"2"},"key":{"_fts":"text","_ftsx":{"$numberInt":"1"}},"name":"fuzzy_text","background":true,"weights":{"search_meta_fuzzy":{"$numberInt":"1"}},"default_language":"english","language_override":"language","textIndexVersion":{"$numberInt":"3"}},{"v":{"$numberInt":"2"},"key":{"app":{"$numberInt":"1"},"slug":{"$numberInt":"1"}},"name":"app_1_slug_1","background":true,"unique":true},{"v":{"$numberInt":"2"},"key":{"slug":{"$numberInt":"1"},"updated_at":{"$numberInt":"-1"}},"name":"slug_1_updated_at_-1","background":true},{"v":{"$numberInt":"2"},"key":{"is_deleted":{"$numberInt":"1"},"article_type":{"$numberInt":"1"},"created_at":{"$numberInt":"-1"}},"name":"article_type_1_created_at_-1_is_deleted_1","background":true},{"v":{"$numberInt":"2"},"key":{"_id":{"$numberInt":"1"},"updated_at":{"$numberInt":"-1"}},"name":"_id_1_updated_at_-1","background":true},{"v":{"$numberInt":"2"},"key":{"is_deleted":{"$numberInt":"1"},"created_at":{"$numberInt":"-1"}},"name":"created_at_-1_is_deleted_1","background":true},{"v":{"$numberInt":"2"},"key":{"article_type":{"$numberInt":"1"},"updated_at":{"$numberInt":"-1"}},"name":"article_type_1_updated_at_-1","background":true},{"v":{"$numberInt":"2"},"key":{"is_deleted":{"$numberInt":"1"},"article_type":{"$numberInt":"1"},"meta_fields.medina_mekkah":{"$numberInt":"1"},"created_at":{"$numberInt":"-1"}},"name":"article_type_1_created_at_-1_is_deleted_1_meta_fields.medina_mekkah_1","background":true},{"v":{"$numberInt":"2"},"key":{"is_deleted":{"$numberInt":"1"},"meta_fields.country":{"$numberInt":"1"},"created_at":{"$numberInt":"-1"}},"name":"created_at_-1_is_deleted_1_meta_fields.country_1","background":true},{"v":{"$numberInt":"2"},"key":{"is_deleted":{"$numberInt":"1"},"article_type":{"$numberInt":"1"},"meta_fields.country":{"$numberInt":"1"},"created_at":{"$numberInt":"-1"}},"name":"article_type_1_created_at_-1_is_deleted_1_meta_fields.country_1","background":true},{"v":{"$numberInt":"2"},"key":{"is_deleted":{"$numberInt":"1"},"article_type":{"$numberInt":"1"},"meta_fields.state":{"$numberInt":"1"},"meta_fields.services":{"$numberInt":"1"},"meta_fields.price":{"$numberInt":"1"},"created_at":{"$numberInt":"-1"}},"name":"article_type_1_created_at_-1_is_deleted_1_meta_fields.price_1_meta_fields.services_1_meta_fields.state_1","background":true},{"v":{"$numberInt":"2"},"key":{"is_deleted":{"$numberInt":"1"},"article_type":{"$numberInt":"1"},"meta_fields.state":{"$numberInt":"1"},"meta_fields.price":{"$numberInt":"1"},"created_at":{"$numberInt":"-1"}},"name":"article_type_1_created_at_-1_is_deleted_1_meta_fields.price_1_meta_fields.state_1","background":true}],"uuid":"513650d8daff4977bb7475c815a14f5e","collectionName":"articles","type":"collection"}