{"indexes":[{"v":{"$numberInt":"2"},"key":{"_id":{"$numberInt":"1"}},"name":"_id_"},{"v":{"$numberInt":"2"},"key":{"tags":{"$numberInt":"1"}},"name":"tags_1","background":true},{"v":{"$numberInt":"2"},"key":{"_fts":"text","_ftsx":{"$numberInt":"1"}},"name":"fuzzy_text","background":true,"weights":{"search_meta_fuzzy":{"$numberInt":"1"}},"default_language":"english","language_override":"language","textIndexVersion":{"$numberInt":"3"}},{"v":{"$numberInt":"2"},"key":{"app":{"$numberInt":"1"},"project":{"$numberInt":"1"},"name":{"$numberInt":"1"},"is_deleted":{"$numberInt":"1"},"deleted_at":{"$numberInt":"1"}},"name":"app_1_project_1_name_1_is_deleted_1_deleted_at_1","background":true,"unique":true}],"uuid":"b843a500773d40559a799dfae9e43613","collectionName":"translationnamespaces","type":"collection"}