{"indexes":[{"v":{"$numberInt":"2"},"key":{"_id":{"$numberInt":"1"}},"name":"_id_"},{"v":{"$numberInt":"2"},"key":{"tags":{"$numberInt":"1"}},"name":"tags_1","background":true},{"v":{"$numberInt":"2"},"key":{"remote_url":{"$numberInt":"1"}},"name":"remote_url_1","background":true},{"v":{"$numberInt":"2"},"key":{"_fts":"text","_ftsx":{"$numberInt":"1"}},"name":"fuzzy_text","background":true,"weights":{"search_meta_fuzzy":{"$numberInt":"1"}},"default_language":"english","language_override":"language","textIndexVersion":{"$numberInt":"3"}},{"v":{"$numberInt":"2"},"key":{"_id":{"$numberInt":"1"},"updated_at":{"$numberInt":"-1"}},"name":"_id_1_updated_at_-1","background":true}],"uuid":"172b27dba46d4c73bd282aae4f316031","collectionName":"uploadedfiles","type":"collection"}